{"entities":{"pages":{"Default-topic":{"id":"Default-topic","title":"TDD, Refactoring에 대해","url":"default-topic.html","level":0,"tabIndex":0},"Refactoring":{"id":"Refactoring","title":"Refactoring","url":"refactoring.html","level":0,"tabIndex":1},"TDD":{"id":"TDD","title":"TDD","url":"tdd.html","level":0,"tabIndex":2},"DDD":{"id":"DDD","title":"DDD","url":"ddd.html","level":0,"tabIndex":3},"Spring":{"id":"Spring","title":"Spring","url":"spring.html","level":0,"pages":["Application-Event-Subsystem"],"tabIndex":4},"Application-Event-Subsystem":{"id":"Application-Event-Subsystem","title":"Application Event Subsystem","url":"application-event-subsystem.html","level":1,"parentId":"Spring","tabIndex":0},"JPA":{"id":"JPA","title":"JPA","url":"jpa.html","level":0,"pages":["JPA-Buddy","JPA-Tips"],"tabIndex":5},"JPA-Buddy":{"id":"JPA-Buddy","title":"JPA Buddy","url":"jpa-buddy.html","level":1,"parentId":"JPA","tabIndex":0},"JPA-Tips":{"id":"JPA-Tips","title":"JPA Tips","url":"jpa-tips.html","level":1,"parentId":"JPA","tabIndex":1},"Tools":{"id":"Tools","title":"Tools","url":"tools.html","level":0,"tabIndex":6},"Articles":{"id":"Articles","title":"Articles","url":"articles.html","level":0,"pages":["Modulith"],"tabIndex":7},"Modulith":{"id":"Modulith","title":"Modulith","url":"modulith.html","level":1,"parentId":"Articles","pages":["Spring-Modulith-with-DDD"],"tabIndex":0},"Spring-Modulith-with-DDD":{"id":"Spring-Modulith-with-DDD","title":"Spring Modulith with DDD","url":"spring-modulith-with-ddd.html","level":2,"parentId":"Modulith","tabIndex":0},"Terms":{"id":"Terms","title":"Terms","url":"terms.html","level":0,"tabIndex":8}}},"topLevelIds":["Default-topic","Refactoring","TDD","DDD","Spring","JPA","Tools","Articles","Terms"]}